Campaign,Ad Group,Keyword,Match Type
Drain Français,Installation,installation drain français,Exact
Drain Français,Installation,installation drain français,Phrase
Drain Français,Installation,installer un drain français,Phrase
Drain Français,Installation,poser un drain français,Phrase
Drain Français,Installation,drain français maison,Phrase
Drain Français,Installation,drain français neuf,Phrase
Drain Français,Réparation,réparation drain français,Exact
Drain Français,Réparation,réparation drain français,Phrase
Drain Français,Réparation,remplacer drain français,Phrase
Drain Français,Réparation,drain français bouché,Phrase
Drain Français,Réparation,drain français défectueux,Phrase
Drain Français,Réparation,refaire drain français,Phrase
Drain Français,Prix-Soumission,prix drain français,Phrase
Drain Français,Prix-Soumission,coût drain français,Phrase
Drain Français,Prix-Soumission,prix drain français 2026,Phrase
Drain Français,Prix-Soumission,soumission drain français,Phrase
Drain Français,Prix-Soumission,estimation drain français,Phrase
Drain Français,Local,drain français près de moi,Phrase
Drain Français,Local,drain français Montréal,Phrase
Drain Français,Local,drain français Laval,Phrase
Drain Français,Local,drain français Longueuil,Phrase
Drain Français,Local,entrepreneur drain français,Phrase
Drain Français,Local,compagnie drain français,Phrase
