Campaign,Keyword,Match Type
Drain Français,emploi,Broad
Drain Français,job,Broad
Drain Français,carrière,Broad
Drain Français,salaire,Broad
Drain Français,formation,Broad
Drain Français,cours,Broad
Drain Français,définition,Broad
Drain Français,c'est quoi,Phrase
Drain Français,wikipedia,Broad
Drain Français,schéma,Broad
Drain Français,plan,Broad
Drain Français,pdf,Broad
Drain Français,diy,Broad
Drain Français,soi-même,Phrase
Drain Français,bricolage,Broad
Drain Français,comment faire,Phrase
Drain Français,location,Broad
Drain Français,louer,Broad
Drain Français,pelle,Broad
Drain Français,déneigement,Broad
Drain Français,usagé,Broad
Drain Français,à vendre,Phrase
Drain Français,pièces,Broad
Drain Français,exemple soumission,Phrase
